title,url,status,author,author_url,space,likes,comments,updated,published_date
Need help on how to set PDP automation from Snowflake database with Dataset's tag value based role assignment,/c/builders-club/need-help-on-how-to-set-pdp-automation-from-snowflake-database-with-dataset-s-tag-value-based-role-assignment,published,V L,/u/67a50d81,Get Help,0,0,"Sep 03, 2024 at 07:27 AM","Sep 3, 2024"
PRODUCT DOCUMENTATION  -- Supported Functions in Adrenaline Dataflows (Views and Beast Modes),/c/developerdomocom-community-edition/supported-functions-in-adrenaline-dataflows-views-and-beast-modes,published,Jae Myong Wilson,/u/d8050f8c,Tutorials and Code Snippets,1,2,"Mar 22, 2024 at 10:56 AM","May 13, 2021"
Domo DDX with 3D Graphs visualisations,/c/articles-and-knowledge-base/domo-ddx-with-3d-graphs-visualisations,published,Oleksii,/u/d0203f3e,Articles &amp; Knowledge Base,0,0,"May 26, 2023 at 12:21 AM","May 26, 2023"
5/22/2023 - Optimizing Performance of Magic ETL,/c/articles-and-knowledge-base/5-22-2023-unblack-boxing-magic-etl,published,Jae Myong Wilson,/u/d8050f8c,Articles &amp; Knowledge Base,0,0,"May 22, 2023 at 12:03 PM","May 22, 2023"
Build a DDX Brick for a User Landing Page,/c/articles-and-knowledge-base/build-a-ddx-brick-for-a-user-landing-page,published,Jae Myong Wilson,/u/d8050f8c,Articles &amp; Knowledge Base,0,0,"May 18, 2023 at 06:33 PM","May 18, 2023"
Domo IDEA Exchange Conversations - Foster your Domo Community (Session Notes),/c/articles-and-knowledge-base/domo-idea-exchange-conversations-foster-your-domo-community,published,Jae Myong Wilson,/u/d8050f8c,Articles &amp; Knowledge Base,0,0,"Apr 14, 2023 at 08:03 PM","Apr 14, 2023"
How (and why) I got started in Content Creation,/c/articles-and-knowledge-base/how-and-why-i-got-started-in-content-creation,published,Jae Myong Wilson,/u/d8050f8c,Articles &amp; Knowledge Base,3,0,"Apr 04, 2023 at 06:36 PM","Apr 3, 2023"
Things I heard at Domopalooza 2023,/c/articles-and-knowledge-base/things-i-heard-at-domopalooza-2023,published,Jae Myong Wilson,/u/d8050f8c,Articles &amp; Knowledge Base,1,0,"Apr 03, 2023 at 06:12 AM","Apr 3, 2023"
Need help on abbreviating number field columns with total in a table?,/c/builders-club/need-help-on-abbreviating-number-field-columns-with-total-in-a-table,published,Malvika Chauhan,/u/b2763d22,Get Help,0,0,"Mar 24, 2023 at 07:02 AM","Mar 24, 2023"
Ask Me Anything - Building Custom Connectors &amp; Data Pipelines - Notes,/c/articles-and-knowledge-base/ama-custom-connectors-notes,published,Jae Myong Wilson,/u/d8050f8c,Articles &amp; Knowledge Base,0,0,"Feb 21, 2023 at 11:16 PM","Feb 21, 2023"
[Video Tutorial] DDX Brick to Track Dashboard Engagement,/c/developerdomocom-community-edition/video-tutorial-ddx-brick-to-track-dashboard-engagement,published,Elliott Leonard,/u/ec49c5fa,Tutorials and Code Snippets,1,0,"Feb 01, 2023 at 01:30 PM","Feb 1, 2023"
[Video Tutorial] Using Dynamic PDP for Scalable Data Governance,/c/developerdomocom-community-edition/using-dynamic-pdp-for-scalable-data-governance,published,Elliott Leonard,/u/ec49c5fa,Tutorials and Code Snippets,0,0,"Jan 25, 2023 at 02:22 PM","Jan 25, 2023"
[Video Tutorial] DDX Brick to Gather Real-time Feedback,/c/developerdomocom-community-edition/video-tutorial-ddx-brick-to-gather-real-time-feedback,published,Elliott Leonard,/u/ec49c5fa,Tutorials and Code Snippets,1,1,"Jan 20, 2023 at 09:42 AM","Jan 16, 2023"
[Video Series] Build a Custom Connector with Me!,/c/developerdomocom-community-edition/video-series-build-a-customer-connector-with-me,published,Elliott Leonard,/u/ec49c5fa,Tutorials and Code Snippets,0,0,"Jan 18, 2023 at 08:04 PM","Jan 18, 2023"
[Video Tutorial] Reverse ETL for Automated Action,/c/developerdomocom-community-edition/video-tutorial-reverse-etl-for-automated-action,published,Elliott Leonard,/u/ec49c5fa,Tutorials and Code Snippets,0,0,"Jan 11, 2023 at 03:18 PM","Jan 11, 2023"
[Video Tutorial] Creating an Append Dataflow using the Java CLI,/c/developerdomocom-community-edition/video-tutorial-creating-an-append-dataflow-using-the-java-cli,published,Elliott Leonard,/u/ec49c5fa,Tutorials and Code Snippets,0,1,"Jan 08, 2023 at 06:27 PM","Jan 7, 2023"
[Video Tutorial] Getting Started with the Java CLI,/c/developerdomocom-community-edition/getting-started-with-the-java-cli,published,Elliott Leonard,/u/ec49c5fa,Tutorials and Code Snippets,1,0,"Jan 07, 2023 at 07:23 PM","Jan 4, 2023"
Domo Feature List,/c/articles-and-knowledge-base/domo-feature-list,published,Jae Myong Wilson,/u/d8050f8c,Articles &amp; Knowledge Base,2,0,"Dec 14, 2022 at 11:43 AM",
Window Functions in Domo,/c/articles-and-knowledge-base/window-functions-in-domo,published,Jae Myong Wilson,/u/d8050f8c,Articles &amp; Knowledge Base,0,0,"Dec 12, 2022 at 11:56 AM","Dec 12, 2022"
A Diatribe ON Domo's implementation of FIXED functions,/c/articles-and-knowledge-base/a-diatribe-on-domo-s-implementation-of-fixed-functions,published,Jae Myong Wilson,/u/d8050f8c,Articles &amp; Knowledge Base,0,0,"Dec 12, 2022 at 11:50 AM","Dec 12, 2022"
How does UPSERT work,/c/articles-and-knowledge-base/how-does-upsert-work,published,Jae Myong Wilson,/u/d8050f8c,Articles &amp; Knowledge Base,0,0,"Dec 08, 2022 at 08:37 AM","Dec 8, 2022"
[Video Tutorial] Sync Domo Jupyter with GitHub,/c/developerdomocom-community-edition/video-tutorial-sync-domo-jupyter-with-github,published,Jae Myong Wilson,/u/d8050f8c,Tutorials and Code Snippets,0,0,"Dec 02, 2022 at 07:44 AM","Dec 2, 2022"
Breaking Up a String into Single Values in Magic ETL,/c/developerdomocom-community-edition/breaking-up-a-string-into-single-values-in-magic-etl,published,Mark Snodgrass,/u/d5920c43,Tutorials and Code Snippets,0,0,"Nov 30, 2022 at 10:05 AM","Nov 30, 2022"
TUTORIAL -- Domo + MySQL 5.6 - Removing non alphanumeric characters from strings,/c/developerdomocom-community-edition/removing-non-alphanumeric-characters-from-strings-in-domo,published,Jae Myong Wilson,/u/d8050f8c,Tutorials and Code Snippets,0,1,"Nov 26, 2022 at 11:00 AM","May 11, 2021"
Create metrics that use different dates,/c/builders-club/create-metrics-that-use-different-dates,published,Lee Ann Flowers,/u/636f7e5b,Get Help,0,2,"Nov 26, 2022 at 10:59 AM","Oct 29, 2021"
Hashing and Encrypting Data in Domo / Columnar PDP [as of 5/5/2022],/c/developerdomocom-community-edition/hashing-and-encrypting-data-in-domo-columnar-pdp-as-of-5-5-2022,published,Jae Myong Wilson,/u/d8050f8c,Tutorials and Code Snippets,0,0,"Nov 26, 2022 at 10:59 AM","May 13, 2022"
Domo + Python - Which cards on my dashboard don't render?  Make your Python Code faster with Asyncio,/c/developerdomocom-community-edition/domo-python-which-cards-on-my-dashboard-don-t-render-make-your-python-code-faster-with-asyncio,published,Jae Myong Wilson,/u/d8050f8c,Tutorials and Code Snippets,0,0,"Nov 26, 2022 at 10:59 AM","Aug 12, 2022"
[Advanced Video Tutorial] Manage Credentials in Domo Jupyter Notebooks with Accounts Integration and Python DataClasses,/c/developerdomocom-community-edition/manage-credentials-in-domo-jupyter-notebooks-with-accounts-integration-and-python-dataclasses,published,Jae Myong Wilson,/u/d8050f8c,Tutorials and Code Snippets,0,0,"Nov 26, 2022 at 10:58 AM","Oct 21, 2022"
Domo Tricks: Dataflow Archiving,/c/developerdomocom-community-edition/domo-tricks-dataflow-archiving,published,Bryan Van Kampen,/u/6b860003,Tutorials and Code Snippets,0,0,"Nov 26, 2022 at 10:58 AM","Oct 28, 2022"
Calculating Distance Between Cities in Domo Using Magic ETL (Video walkthrough),/c/developerdomocom-community-edition/calculating-distance-between-cities-in-domo-using-magic-etl,published,Mark Snodgrass,/u/d5920c43,Tutorials and Code Snippets,2,0,"Nov 26, 2022 at 10:58 AM","Oct 27, 2022"
Untitled post,/c/builders-club/kpdop,published,Sunil Manohar Patnaik,/u/abb19a2c,Get Help,0,1,"Nov 26, 2022 at 10:56 AM","Feb 10, 2022"
Naming conventions and easier reference,/c/builders-club/naming-conventions-and-easier-reference,published,Michael Sattler,/u/fbc04a10,Get Help,0,1,"Nov 26, 2022 at 10:56 AM","Nov 2, 2021"
Best practices in group management,/c/builders-club/best-practices-in-group-management,published,Fahad,/u/8e9da4e3,Get Help,0,0,"Nov 26, 2022 at 10:56 AM","Feb 15, 2022"
Need Help,/c/builders-club/need-help,published,Anoop,/u/24a1bb13,Get Help,0,1,"Nov 26, 2022 at 10:56 AM","Nov 23, 2022"
9/20/21 - Cool Stuff Digest,/c/articles-and-knowledge-base/9-20-21-cool-stuff-digest,published,Jae Myong Wilson,/u/d8050f8c,Articles &amp; Knowledge Base,1,0,"Nov 26, 2022 at 10:55 AM","Sep 20, 2021"
Cool Stuff Digest 6/21,/c/articles-and-knowledge-base/cool-stuff-digest-6-21,published,Jae Myong Wilson,/u/d8050f8c,Articles &amp; Knowledge Base,0,0,"Nov 26, 2022 at 10:55 AM","Jun 23, 2021"
Cool Stuff Digest 6/14,/c/articles-and-knowledge-base/cool-stuff-digest-6-14,published,Jae Myong Wilson,/u/d8050f8c,Articles &amp; Knowledge Base,0,0,"Nov 26, 2022 at 10:55 AM","Jun 14, 2021"
5/31 Cool Stuff Digest,/c/articles-and-knowledge-base/5-31-cool-stuff-digest,published,Jae Myong Wilson,/u/d8050f8c,Articles &amp; Knowledge Base,0,0,"Nov 26, 2022 at 10:55 AM","Jun 1, 2021"
5/24 - Cool Stuff Digest,/c/articles-and-knowledge-base/5-24-cool-stuff-digest,published,Jae Myong Wilson,/u/d8050f8c,Articles &amp; Knowledge Base,0,0,"Nov 26, 2022 at 10:55 AM","May 25, 2021"
5/17 - Cool Stuff Digest,/c/articles-and-knowledge-base/5-17-cool-stuff-digest,published,Jae Myong Wilson,/u/d8050f8c,Articles &amp; Knowledge Base,0,0,"Nov 26, 2022 at 10:54 AM","May 18, 2021"
Cool Stuff Digest 10/11/21 - Making Data More Discoverable,/c/articles-and-knowledge-base/cool-stuff-digest-10-11-21-making-data-more-discoverable,published,Jae Myong Wilson,/u/d8050f8c,Articles &amp; Knowledge Base,0,0,"Nov 26, 2022 at 10:54 AM","Oct 11, 2021"
Cool Stuff Digest 5/23,/c/articles-and-knowledge-base/cool-stuff-digest-5-23,published,Jae Myong Wilson,/u/d8050f8c,Articles &amp; Knowledge Base,0,0,"Nov 26, 2022 at 10:54 AM","May 24, 2022"
üß™üöÄ Basic Forecasting in Magic ETL üöÄüß™,/c/developerdomocom-community-edition/basic-forecasting-in-magic-etl,published,Jae Myong Wilson,/u/d8050f8c,Tutorials and Code Snippets,0,0,"Nov 26, 2022 at 10:53 AM","Oct 3, 2022"
[Webinar Recording] üé• on Domo Governance Toolkit with Karl Altern,/c/articles-and-knowledge-base/domo-governance-toolkit,published,Jae Myong Wilson,/u/d8050f8c,Articles &amp; Knowledge Base,0,0,"Nov 26, 2022 at 09:18 AM","Nov 26, 2022"
Untitled post,/c/say-hello/hey-everyone-its-a-good-platform-made-by-jae,published,Anoop,/u/24a1bb13,Say Hello,0,0,"Nov 26, 2022 at 08:42 AM","Nov 23, 2022"
"Data lineage for all datasets in one using #Python, #Magic ETL",/c/articles-and-knowledge-base/data-lineage-for-all-datasets-in-one-using-python-magic-etl,published,Oleksii,/u/d0203f3e,Articles &amp; Knowledge Base,2,0,"Nov 08, 2022 at 03:30 AM","Nov 8, 2022"
[Webinar Recording] - On DDX Bricks with Noah Finberg &amp; Elliott Leonard,/c/articles-and-knowledge-base/on-ddx-bricks,published,Jae Myong Wilson,/u/d8050f8c,Articles &amp; Knowledge Base,3,3,"Nov 03, 2022 at 04:44 PM","Nov 2, 2022"
Beware of the Swiss Army Report,/c/articles-and-knowledge-base/beware-of-the-swiss-army-report,published,Bryan Van Kampen,/u/6b860003,Articles &amp; Knowledge Base,2,0,"Oct 28, 2022 at 01:57 PM","Oct 28, 2022"
Living your best Data life (Lessons Learned from Roller Coaster Tycoon),/c/articles-and-knowledge-base/living-your-best-data-life-lessons-learned-from-roller-coaster-tycoon,published,Bryan Van Kampen,/u/6b860003,Articles &amp; Knowledge Base,1,0,"Oct 28, 2022 at 01:55 PM","Oct 28, 2022"
üî¶ Host an Event using Luma,/c/consulting-resources-and-professional-development/how-to-host-an-event-using-luma,published,Jae Myong Wilson,/u/d8050f8c,Consulting Resources &amp; Professional Development,0,0,"Oct 25, 2022 at 11:01 AM","May 11, 2021"
"üí° Becoming a Better Consultant üìÜ May 25 &amp; Jun 1, 2021",/c/consulting-resources-and-professional-development/becoming-a-better-consultant,published,Jae Myong Wilson,/u/d8050f8c,Consulting Resources &amp; Professional Development,0,1,"Oct 25, 2022 at 11:01 AM","Jun 2, 2021"
Master Class - Data Governance &amp; Activity Log,/c/consulting-resources-and-professional-development/master-class-data-governance-activity-log,published,Jae Myong Wilson,/u/d8050f8c,Consulting Resources &amp; Professional Development,0,1,"Oct 25, 2022 at 11:00 AM","Jun 7, 2021"
Fall 2022 (Oct 20) Domo Release,/c/articles-and-knowledge-base/fall-2022-oct-20-domo-release,published,Jae Myong Wilson,/u/d8050f8c,Articles &amp; Knowledge Base,0,0,"Oct 20, 2022 at 08:47 AM","Oct 20, 2022"
A List of Domo Developer APIs,/c/developerdomocom-community-edition/a-comprehensive-list-of-domo-apis,published,Jae Myong Wilson,/u/d8050f8c,Tutorials and Code Snippets,0,4,"Sep 16, 2022 at 05:08 PM","May 12, 2021"
Greetings fellow data warriors!,/c/say-hello/greetings-fellow-data-warriors,published,Robert Sutton,/u/5d67c51b,Say Hello,1,3,"Jun 20, 2022 at 06:04 AM","Jan 25, 2022"
My Attempt at a Custom Connector,/c/builders-club/my-attempt-at-a-custom-connector,published,Elliott Leonard,/u/ec49c5fa,Get Help,2,0,"Jun 20, 2022 at 06:00 AM","Jan 7, 2022"
Domo to Salesforce Write-back,/c/builders-club/domo-to-salesforce-write-back,published,Elliott Leonard,/u/ec49c5fa,Get Help,0,0,"Jun 20, 2022 at 05:57 AM","Dec 14, 2021"
MajorDomo Deputy,/c/builders-club/majordomo-deputy,published,Andrew Chaffin,/u/bfb0a5b4,Get Help,0,0,"Jun 20, 2022 at 05:53 AM","Nov 17, 2021"
Real-time Red Bull Tracker (in Domo!),/c/builders-club/real-time-red-bull-tracker-in-domo,published,Elliott Leonard,/u/ec49c5fa,Get Help,2,1,"Jun 20, 2022 at 05:52 AM","Nov 16, 2021"
"HTML in Summary Numbers (how to pack your cards with ""pretty"" data)",/c/builders-club/html-in-summary-numbers-how-to-pack-your-cards-with-pretty-data,published,Elliott Leonard,/u/ec49c5fa,Get Help,2,0,"Jun 20, 2022 at 05:50 AM","Nov 1, 2021"
Domo Customer Interviews,/c/articles-and-knowledge-base/domo-customer-interviews,published,Jae Myong Wilson,/u/d8050f8c,Articles &amp; Knowledge Base,1,0,"Jun 20, 2022 at 05:49 AM","Oct 28, 2021"
DOMO + Slack Integration - broadcast dataflow failure notifications to a channel,/c/builders-club/domo-slack-integration-broadcast-dataflow-failure-notifications-to-a-channel,published,Elliott Leonard,/u/ec49c5fa,Get Help,0,2,"Jun 20, 2022 at 05:48 AM","Oct 20, 2021"
TUTORIAL - Automatically Update your Domo Org Chart,/c/builders-club/tutorial-automatically-update-your-domo-org-chart,published,Jae Myong Wilson,/u/d8050f8c,Get Help,0,0,"Jun 20, 2022 at 05:46 AM","Oct 12, 2021"
Jae Myong Wilson @OnyxReporting,/c/say-hello/jae-myong-wilson-onyxreporting,published,Jae Myong Wilson,/u/d8050f8c,Say Hello,0,0,"Jun 20, 2022 at 05:46 AM","May 27, 2021"
üë®‚Äçüíº How to use the Job Board üìÅ,/c/jobs/how-to-use-the-job-board,published,Jae Myong Wilson,/u/d8050f8c,Job Board,1,2,"Jun 20, 2022 at 05:46 AM","Oct 19, 2021"
DOMO + Beast Modes // Dynamic Title Workaround // Text Summary Numbers,/c/builders-club/dynamic-title-workaround,published,Elliott Leonard,/u/ec49c5fa,Get Help,2,4,"Jun 20, 2022 at 05:46 AM","Oct 11, 2021"
"TUTORIAL: Automatically secure and tag your datasets // PDP, Impact Analysis, Tagging, JavaScript &amp; Domo",/c/builders-club/tutorial-secure-all-your-datasets-containing-sensitive-data-impact-analysis-javascript-domo,published,Jae Myong Wilson,/u/d8050f8c,Get Help,0,0,"Jun 20, 2022 at 05:46 AM","Sep 28, 2021"
TUTORIAL:  Muti-Touch Marketing Attribution in Domo // Shapley Value &amp; Advanced MySQL 5.6 tutorials,/c/builders-club/tutorial-muti-touch-marketing-attribution-in-domo-shapley-value-advanced-mysql-5-6-tutorials,published,Jae Myong Wilson,/u/d8050f8c,Get Help,0,0,"Jun 20, 2022 at 05:43 AM","Sep 21, 2021"
TUTORIAL -- Domo + K Means in MySQL // How to minimize distance traveled?,/c/builders-club/domo-how-to-minimize-distance-travel-k-means-in-mysql,published,Jae Myong Wilson,/u/d8050f8c,Get Help,0,0,"Jun 20, 2022 at 05:42 AM","Sep 9, 2021"
Prequel.ai // App clone // Scaling Internal Knowledge,/c/builders-club/prequel-ai-app-clone,published,Jae Myong Wilson,/u/d8050f8c,Get Help,0,0,"Jun 20, 2022 at 05:30 AM","Jun 14, 2021"
A tool for Domo management,/c/builders-club/a-tool-for-domo-management,published,Andrew Chaffin,/u/bfb0a5b4,Get Help,4,0,"Jun 20, 2022 at 05:29 AM","May 24, 2021"
A Burrito Bar of Services,/c/consulting-resources-and-professional-development/a-burrito-bar-of-services,published,Jae Myong Wilson,/u/d8050f8c,Consulting Resources &amp; Professional Development,0,0,"Jun 20, 2022 at 05:29 AM","Jun 2, 2021"
Activity Log &amp; Governance // Standardizing KPIs around a BI Team,/c/articles-and-knowledge-base/activity-log-governance-standardizing-kpis-around-a-bi-team,published,Jae Myong Wilson,/u/d8050f8c,Articles &amp; Knowledge Base,0,0,"Jun 20, 2022 at 05:29 AM","May 26, 2021"
Data Lake Security &amp; Best Practices,/c/articles-and-knowledge-base/data-lake-security-best-practices,published,Jae Myong Wilson,/u/d8050f8c,Articles &amp; Knowledge Base,0,0,"Jun 20, 2022 at 05:29 AM","Jun 1, 2021"
Data Governance Tools &amp; Program Best Practices,/c/articles-and-knowledge-base/data-governance-tools,published,Jae Myong Wilson,/u/d8050f8c,Articles &amp; Knowledge Base,0,0,"Jun 20, 2022 at 05:29 AM","Jun 1, 2021"
üè∑Ô∏è Member Tags,/c/say-hello/member-tags,published,Jae Myong Wilson,/u/d8050f8c,Say Hello,0,0,"Jun 20, 2022 at 05:28 AM","May 28, 2021"
New Member!,/c/say-hello/new-member-BcUxB,published,Sam Wright,/u/1c2d7267,Say Hello,0,0,"Jun 20, 2022 at 05:28 AM","May 27, 2021"
Know your Data,/c/consulting-resources-and-professional-development/know-your-data,published,Ken Lorenz,/u/017841d4,Consulting Resources &amp; Professional Development,0,1,"Jun 20, 2022 at 05:28 AM","May 26, 2021"
BC Template // Metric Mapping Template,/c/consulting-resources-and-professional-development/bc-template-metric-mapping-template,published,Jae Myong Wilson,/u/d8050f8c,Consulting Resources &amp; Professional Development,0,0,"Jun 20, 2022 at 05:27 AM",
Dev Ops + Domo,/c/builders-club/dev-ops-domo,published,Jae Myong Wilson,/u/d8050f8c,Get Help,0,0,"Jun 20, 2022 at 05:27 AM","May 18, 2021"
PRODUCT BEST PRACTICES // Adrenaline &amp; Dataset View Performance Optimization,/c/articles-and-knowledge-base/adrenaline-dataset-view-performance-optimization,published,Jae Myong Wilson,/u/d8050f8c,Articles &amp; Knowledge Base,0,0,"Jun 20, 2022 at 05:27 AM","May 13, 2021"
TUTORIAL:  Build an Average of an Average // Add Total Row to your Dataset // DOJO,/c/builders-club/tutorial-buildaverageofanaverage,published,Jae Myong Wilson,/u/d8050f8c,Get Help,0,0,"Jun 20, 2022 at 05:27 AM","May 17, 2021"
CSM - Plan your Domo Rollout,/c/consulting-resources-and-professional-development/csm-plan-your-domo-rollout,published,Jae Myong Wilson,/u/d8050f8c,Consulting Resources &amp; Professional Development,0,0,"Jun 20, 2022 at 05:27 AM","May 14, 2021"
Presentation Skillz üìπ 6 Mistakes People Make Online ü§≥  Deliver a Memorable Presentation,/c/consulting-resources-and-professional-development/presentation-skills-6-mistakes-people-make-online-deliver-a-memorable-presentation,published,Jae Myong Wilson,/u/d8050f8c,Consulting Resources &amp; Professional Development,0,0,"Jun 20, 2022 at 05:27 AM","May 17, 2021"
CONSULTING BEST PRACTICES - On Scoping a Use Case,/c/consulting-resources-and-professional-development/scoping-the-use-case,published,Jae Myong Wilson,/u/d8050f8c,Consulting Resources &amp; Professional Development,0,0,"Jun 20, 2022 at 05:27 AM","May 13, 2021"
Onboarding New Hires // Domo Platform Training,/c/consulting-resources-and-professional-development/onboarding-new-hires-domo-platform-training,published,Jae Myong Wilson,/u/d8050f8c,Consulting Resources &amp; Professional Development,0,0,"Jun 20, 2022 at 05:27 AM","May 18, 2021"
A few tips for new consultants,/c/consulting-resources-and-professional-development/a-few-tips-for-new-consultants,published,Jae Myong Wilson,/u/d8050f8c,Consulting Resources &amp; Professional Development,0,0,"Jun 20, 2022 at 05:27 AM","May 12, 2021"
CrystalBallers.ai - Building Apps informed by Consulting ( Major Domo App &amp; Idea App),/c/articles-and-knowledge-base/crystalballers-ai-building-apps-informed-by-consulting-major-domo-app-idea-app,published,John Stevens,/u/989ffc51,Articles &amp; Knowledge Base,0,0,"Jun 20, 2022 at 05:27 AM","May 14, 2021"
How To Use Create-React-App + Domo proxy,/c/developerdomocom-community-edition/how-to-use-create-react-app-domo-proxy,published,Jae Myong Wilson,/u/d8050f8c,Tutorials and Code Snippets,0,0,"Jun 20, 2022 at 05:27 AM","May 12, 2021"
TUTORIAL -- Fuzzy Matching in Magic ETL // Data Science Toolkit,/c/builders-club/fuzzy-matching,published,Jae Myong Wilson,/u/d8050f8c,Get Help,0,0,"Jun 20, 2022 at 05:27 AM","May 18, 2021"
Create a Culture of Learning,/c/consulting-resources-and-professional-development/create-a-culture-of-learning,published,Jae Myong Wilson,/u/d8050f8c,Consulting Resources &amp; Professional Development,0,0,"Jun 20, 2022 at 05:27 AM","May 18, 2021"
7-ish Lessons I Learned as a Freelancer,/c/consulting-resources-and-professional-development/lessons-i-learned-as-a-freelancer,published,Jae Myong Wilson,/u/d8050f8c,Consulting Resources &amp; Professional Development,0,0,"Jun 20, 2022 at 05:27 AM","May 13, 2021"
How to describe a Problem // Consulting vs. Support,/c/consulting-resources-and-professional-development/how-to-describe-a-problem-consulting-vs-support,published,Jae Myong Wilson,/u/d8050f8c,Consulting Resources &amp; Professional Development,0,0,"Jun 20, 2022 at 05:27 AM","May 17, 2021"
TUTORIAL - Build a Custom Connector // Domo IDEA Exchange,/c/builders-club/9wjx7,published,Jae Myong Wilson,/u/d8050f8c,Get Help,1,0,"Jun 20, 2022 at 05:27 AM","May 14, 2021"
DOMO BC - Card Building - Checklist Pt2 (Optimizing Dashboards and Dataflows with large datasets),/c/consulting-resources-and-professional-development/card-building-checklist-pt2-optimizing-dashboards-and-dataflows-with-large-datasets,published,Jae Myong Wilson,/u/d8050f8c,Consulting Resources &amp; Professional Development,0,0,"Jun 20, 2022 at 05:27 AM","May 12, 2021"
Integration Cloud || Connector Selection Flowchart,/c/articles-and-knowledge-base/integration-cloud-connector-selection-flowchart,published,Jae Myong Wilson,/u/d8050f8c,Articles &amp; Knowledge Base,0,0,"Jun 20, 2022 at 05:27 AM","May 17, 2021"
Build a Custom Connector,/c/developerdomocom-community-edition/build-a-custom-connector,published,Jae Myong Wilson,/u/d8050f8c,Tutorials and Code Snippets,0,0,"Jun 20, 2022 at 05:27 AM","May 14, 2021"
"DEVELOPER // API, Domo CLI &amp; Python based Data Pipeline Automation",/c/developerdomocom-community-edition/developer-api-domo-cli-python-based-data-pipeline-automation,published,Jae Myong Wilson,/u/d8050f8c,Tutorials and Code Snippets,0,0,"Jun 20, 2022 at 05:27 AM","May 14, 2021"
SNIPPETS - Domo SDKs,/c/developerdomocom-community-edition/domo-sdks-code-snippets,published,Jae Myong Wilson,/u/d8050f8c,Tutorials and Code Snippets,0,0,"Jun 20, 2022 at 05:27 AM","May 14, 2021"
DOMO BC - Card Building - Checklist Pt 1,/c/articles-and-knowledge-base/card-building-checklist,published,Jae Myong Wilson,/u/d8050f8c,Articles &amp; Knowledge Base,0,0,"Jun 20, 2022 at 05:27 AM","May 12, 2021"
On Domo's API Framework,/c/articles-and-knowledge-base/on-domo-s-api-framework,published,Jae Myong Wilson,/u/d8050f8c,Articles &amp; Knowledge Base,0,0,"Jun 20, 2022 at 05:27 AM","May 14, 2021"
DOMO TC // How to Structure your Data Center,/c/articles-and-knowledge-base/domo-tc-how-to-structure-your-data-center,published,Jae Myong Wilson,/u/d8050f8c,Articles &amp; Knowledge Base,0,0,"Jun 20, 2022 at 05:27 AM","May 14, 2021"
Full Authentication with Domo APIs,/c/developerdomocom-community-edition/full-authentication-with-domo-apis,published,Jae Myong Wilson,/u/d8050f8c,Tutorials and Code Snippets,0,0,"Jun 20, 2022 at 05:27 AM","May 14, 2021"
DEVELOPER // Domo SDKs,/c/developerdomocom-community-edition/developer-domo-sdks,published,Jae Myong Wilson,/u/d8050f8c,Tutorials and Code Snippets,0,0,"Jun 20, 2022 at 05:27 AM","May 14, 2021"
Domo API // Export to S3,/c/developerdomocom-community-edition/export-to-s3,published,Jae Myong Wilson,/u/d8050f8c,Tutorials and Code Snippets,1,0,"Jun 20, 2022 at 05:27 AM","May 14, 2021"
Domo TC // Data Pipeline Best Practices // SAG Guidelines,/c/articles-and-knowledge-base/domo-tc-data-pipeline-best-practices-sag-guidelines,published,Jae Myong Wilson,/u/d8050f8c,Articles &amp; Knowledge Base,0,1,"Jun 20, 2022 at 05:27 AM","May 17, 2021"
Join the DataCrew,/c/archive/register-to-datacrew,published,Jae Myong Wilson,/u/d8050f8c,Archive,0,0,"Jun 20, 2022 at 05:26 AM","Jun 20, 2022 at 05:26 AM"
üëã  Welcome // Newcomer's guide,/c/say-hello/welcome-to-the-datacrew,published,Jae Myong Wilson,/u/d8050f8c,Say Hello,0,0,"Jun 20, 2022 at 05:26 AM","May 11, 2021"
üõ†Ô∏è README ‚öôÔ∏è How to use the Builders Club,/c/builders-club/readme-how-to-use-the-builders-club,published,Jae Myong Wilson,/u/d8050f8c,Get Help,1,0,"Jun 20, 2022 at 05:26 AM","May 11, 2021"
Untitled post,/c/say-hello/f01fb,published,Michael Sattler,/u/fbc04a10,Say Hello,0,3,"Nov 02, 2021 at 09:10 AM","Nov 2, 2021"
Domo Consultant - FTE @ CrystalBallers,/c/jobs/domo-consultant-fte-crystalballers,published,Andrew Chaffin,/u/bfb0a5b4,Job Board,1,0,"Oct 19, 2021 at 07:02 PM","Oct 19, 2021"
Untitled post,/c/say-hello/welcome-to-the-party,published,Jae Myong Wilson,/u/d8050f8c,Say Hello,0,0,"Oct 12, 2021 at 09:35 AM","Oct 12, 2021 at 09:35 AM"
New member,/c/say-hello/new-member,published,Andrew Chaffin,/u/bfb0a5b4,Say Hello,0,0,"Oct 12, 2021 at 09:30 AM","May 24, 2021"
Hello All!,/c/say-hello/hello-all,published,Scott A Wagner,/u/db90f235,Say Hello,0,0,"Oct 12, 2021 at 09:29 AM","Oct 11, 2021"
iSolveditwithDomo - Communication Tool,/c/builders-club/isolveditwithdomo-communication-tool,published,Scott A Wagner,/u/db90f235,Get Help,0,2,"Oct 11, 2021 at 03:54 PM","Oct 11, 2021"
#iSolveditwithDomo - Domo Training within Domo,/c/builders-club/isolveditwithdomo-domo-training-within-domo,published,Ashleigh Stevenson,/u/6d9ca760,Get Help,2,1,"Oct 11, 2021 at 02:20 PM","Oct 11, 2021"
iSolveditwithDomo - Statistical Process Control (SPC),/c/builders-club/isolveditwithdomo-statistical-process-control-spc,published,Scott A Wagner,/u/db90f235,Get Help,0,0,"Oct 11, 2021 at 11:22 AM","Oct 11, 2021"
#iSolveditwithDomo - Reporting Workflow,/c/builders-club/isolveditwithdomo-reporting-workflow,published,Scott A Wagner,/u/db90f235,Get Help,0,0,"Oct 11, 2021 at 11:17 AM","Oct 11, 2021"
#iSolveditwithDomo - Outlier Detection Using Magic ETL,/c/builders-club/isolveditwithdomo-outlier-detection-using-magic-etl,published,Scott A Wagner,/u/db90f235,Get Help,0,0,"Oct 11, 2021 at 11:15 AM","Oct 11, 2021"
SNIPPET - Workbench + R - Jobs as CSV,/c/developerdomocom-community-edition/workbench-jobs-to-csv-r-snippet,published,Jae Myong Wilson,/u/d8050f8c,Tutorials and Code Snippets,0,0,"Oct 11, 2021 at 09:38 AM","Jun 10, 2021"
SNIPPET - Regex // Regular Expressions,/c/developerdomocom-community-edition/regex-code-snippets,published,Jae Myong Wilson,/u/d8050f8c,Tutorials and Code Snippets,1,0,"Oct 11, 2021 at 09:37 AM","Jun 14, 2021"
SNIPPETS - Python,/c/developerdomocom-community-edition/simple-python-snippets,published,Jae Myong Wilson,/u/d8050f8c,Tutorials and Code Snippets,0,0,"Oct 11, 2021 at 09:36 AM","Sep 22, 2021"
Connectors to Use (WIP),/c/articles-and-knowledge-base/connectors-to-use-wip,published,Jae Myong Wilson,/u/d8050f8c,Articles &amp; Knowledge Base,0,0,"May 21, 2021 at 10:33 AM","May 21, 2021"
